<application>
  <component name="FileTypeManager" version="18">
    <ignoreFiles list="*.pyc;*.pyo;*.rbc;*.yarb;*~;.DS_Store;.git;.hg;.idea;.svn;CVS;__pycache__;_svn;node_modules;vssver.scc;vssver2.scc" />
    <extensionMap>
      <removed_mapping ext="md" type="Markdown" />
      <mapping ext="bak" type="PLAIN_TEXT" />
      <mapping ext="md" type="PLAIN_TEXT" />
      <removed_mapping ext="apk" approved="true" type="ARCHIVE" />
      <removed_mapping ext="psd" approved="true" type="Image" />
    </extensionMap>
  </component>
</application>